,pattern,step,voice,decoded_pitch_1,decoded_pitch_2,hex
0,1,1,2,13,8,42 d5 bd 83
1,1,1,3,2,7,96 2a 96 7c
2,1,1,4,13,8,7e d5 81 83
3,1,2,2,11,14,42 b5 bd ec
4,1,2,3,4,1,96 4a 96 13
5,1,2,4,11,14,7e b5 81 ec
6,1,3,2,2,7,42 25 bd 73
7,1,3,3,13,8,96 da 96 8c
8,1,3,4,2,7,7e 25 81 73
9,1,4,2,4,1,42 45 bd 1c
10,1,4,3,11,14,96 ba 96 e3
11,1,4,4,4,1,7e 45 81 1c
12,1,5,1,2,7,0a 2a f5 7c
13,1,5,2,13,8,d2 d5 d2 83
14,1,5,3,2,7,36 2a c9 7c
15,1,5,4,13,8,ee d5 ee 83
16,1,6,1,4,1,0a 4a f5 13
17,1,6,2,11,14,d2 b5 d2 ec
18,1,6,3,4,1,36 4a c9 13
19,1,6,4,11,14,ee b5 ee ec
20,1,7,1,13,8,0a da f5 8c
21,1,7,2,2,7,d2 25 d2 73
22,1,7,3,13,8,36 da c9 8c
23,1,7,4,2,7,ee 25 ee 73
24,1,8,1,11,14,0a ba f5 e3
25,1,8,2,4,1,d2 45 d2 1c
26,1,8,3,11,14,36 ba c9 e3
27,1,8,4,4,1,ee 45 ee 1c
28,1,9,1,2,7,5a 2a 5a 7c
29,1,9,2,13,8,b2 d5 4d 83
30,1,9,3,2,7,66 2a 66 7c
31,1,9,4,13,8,8e d5 71 83
32,1,10,1,4,1,5a 4a 5a 13
33,1,10,2,11,14,b2 b5 4d ec
34,1,10,3,4,1,66 4a 66 13
35,1,10,4,11,14,8e b5 71 ec
36,1,11,1,13,8,5a da 5a 8c
37,1,11,2,2,7,b2 25 4d 73
38,1,11,3,13,8,66 da 66 8c
39,1,11,4,2,7,8e 25 71 73
40,1,12,1,11,14,5a ba 5a e3
41,1,12,2,4,1,b2 45 4d 1c
42,1,12,3,11,14,66 ba 66 e3
43,1,12,4,4,1,8e 45 71 1c
44,1,13,1,2,7,fa 2a 05 7c
45,1,13,2,13,8,22 d5 22 83
46,1,13,3,2,7,c6 2a 39 7c
47,1,13,4,13,8,1e d5 1e 83
48,1,14,1,4,1,fa 4a 05 13
49,1,14,2,11,14,22 b5 22 ec
50,1,14,3,4,1,c6 4a 39 13
51,1,14,4,11,14,1e b5 1e ec
52,1,15,1,13,8,fa da 05 8c
53,1,15,2,2,7,22 25 22 73
54,1,15,3,13,8,c6 da 39 8c
55,1,15,4,2,7,1e 25 1e 73
56,1,16,1,11,14,fa ba 05 e3
57,1,16,2,4,1,22 45 22 1c
58,1,16,3,11,14,c6 ba 39 e3
59,1,16,4,4,1,1e 45 1e 1c
60,2,1,2,13,8,42 d5 bd 83
61,2,1,3,2,7,96 2a 96 7c
62,2,1,4,13,8,7e d5 81 83
63,2,2,2,11,14,42 b5 bd ec
64,2,2,3,4,1,96 4a 96 13
65,2,2,4,11,14,7e b5 81 ec
66,2,3,2,2,7,42 25 bd 73
67,2,3,3,13,8,96 da 96 8c
68,2,3,4,2,7,7e 25 81 73
69,2,4,2,4,1,42 45 bd 1c
70,2,4,3,11,14,96 ba 96 e3
71,2,4,4,4,1,7e 45 81 1c
72,2,5,1,2,7,0a 2a f5 7c
73,2,5,2,13,8,d2 d5 d2 83
74,2,5,3,2,7,36 2a c9 7c
75,2,5,4,13,8,ee d5 ee 83
76,2,6,1,4,1,0a 4a f5 13
77,2,6,2,11,14,d2 b5 d2 ec
78,2,6,3,4,1,36 4a c9 13
79,2,6,4,11,14,ee b5 ee ec
80,2,7,1,13,8,0a da f5 8c
81,2,7,2,2,7,d2 25 d2 73
82,2,7,3,13,8,36 da c9 8c
83,2,7,4,2,7,ee 25 ee 73
84,2,8,1,11,14,0a ba f5 e3
85,2,8,2,4,1,d2 45 d2 1c
86,2,8,3,11,14,36 ba c9 e3
87,2,8,4,4,1,ee 45 ee 1c
88,2,9,1,2,7,5a 2a 5a 7c
89,2,9,2,13,8,b2 d5 4d 83
90,2,9,3,2,7,66 2a 66 7c
91,2,9,4,13,8,8e d5 71 83
92,2,10,1,4,1,5a 4a 5a 13
93,2,10,2,11,14,b2 b5 4d ec
94,2,10,3,4,1,66 4a 66 13
95,2,10,4,11,14,8e b5 71 ec
96,2,11,1,13,8,5a da 5a 8c
97,2,11,2,2,7,b2 25 4d 73
98,2,11,3,13,8,66 da 66 8c
99,2,11,4,2,7,8e 25 71 73
100,2,12,1,11,14,5a ba 5a e3
101,2,12,2,4,1,b2 45 4d 1c
102,2,12,3,11,14,66 ba 66 e3
103,2,12,4,4,1,8e 45 71 1c
104,2,13,1,2,7,fa 2a 05 7c
105,2,13,2,13,8,22 d5 22 83
106,2,13,3,2,7,c6 2a 39 7c
107,2,13,4,13,8,1e d5 1e 83
108,2,14,1,4,1,fa 4a 05 13
109,2,14,2,11,14,22 b5 22 ec
110,2,14,3,4,1,c6 4a 39 13
111,2,14,4,11,14,1e b5 1e ec
112,2,15,1,13,8,fa da 05 8c
113,2,15,2,2,7,22 25 22 73
114,2,15,3,13,8,c6 da 39 8c
115,2,15,4,2,7,1e 25 1e 73
116,2,16,1,11,14,fa ba 05 e3
117,2,16,2,4,1,22 45 22 1c
118,2,16,3,11,14,c6 ba 39 e3
119,2,16,4,4,1,1e 45 1e 1c
120,3,1,2,13,8,42 d5 bd 83
121,3,1,3,2,7,96 2a 96 7c
122,3,1,4,13,8,7e d5 81 83
123,3,2,2,11,14,42 b5 bd ec
124,3,2,3,4,1,96 4a 96 13
125,3,2,4,11,14,7e b5 81 ec
126,3,3,2,2,7,42 25 bd 73
127,3,3,3,13,8,96 da 96 8c
128,3,3,4,2,7,7e 25 81 73
129,3,4,2,4,1,42 45 bd 1c
130,3,4,3,11,14,96 ba 96 e3
131,3,4,4,4,1,7e 45 81 1c
132,3,5,1,2,7,0a 2a f5 7c
133,3,5,2,13,8,d2 d5 d2 83
134,3,5,3,2,7,36 2a c9 7c
135,3,5,4,13,8,ee d5 ee 83
136,3,6,1,4,1,0a 4a f5 13
137,3,6,2,11,14,d2 b5 d2 ec
138,3,6,3,4,1,36 4a c9 13
139,3,6,4,11,14,ee b5 ee ec
140,3,7,1,13,8,0a da f5 8c
141,3,7,2,2,7,d2 25 d2 73
142,3,7,3,13,8,36 da c9 8c
143,3,7,4,2,7,ee 25 ee 73
144,3,8,1,11,14,0a ba f5 e3
145,3,8,2,4,1,d2 45 d2 1c
146,3,8,3,11,14,36 ba c9 e3
147,3,8,4,4,1,ee 45 ee 1c
148,3,9,1,2,7,5a 2a 5a 7c
149,3,9,2,13,8,b2 d5 4d 83
150,3,9,3,2,7,66 2a 66 7c
151,3,9,4,13,8,8e d5 71 83
152,3,10,1,4,1,5a 4a 5a 13
153,3,10,2,11,14,b2 b5 4d ec
154,3,10,3,4,1,66 4a 66 13
155,3,10,4,11,14,8e b5 71 ec
156,3,11,1,13,8,5a da 5a 8c
157,3,11,2,2,7,b2 25 4d 73
158,3,11,3,13,8,66 da 66 8c
159,3,11,4,2,7,8e 25 71 73
160,3,12,1,11,14,5a ba 5a e3
161,3,12,2,4,1,b2 45 4d 1c
162,3,12,3,11,14,66 ba 66 e3
163,3,12,4,4,1,8e 45 71 1c
164,3,13,1,2,7,fa 2a 05 7c
165,3,13,2,13,8,22 d5 22 83
166,3,13,3,2,7,c6 2a 39 7c
167,3,13,4,13,8,1e d5 1e 83
168,3,14,1,4,1,fa 4a 05 13
169,3,14,2,11,14,22 b5 22 ec
170,3,14,3,4,1,c6 4a 39 13
171,3,14,4,11,14,1e b5 1e ec
172,3,15,1,13,8,fa da 05 8c
173,3,15,2,2,7,22 25 22 73
174,3,15,3,13,8,c6 da 39 8c
175,3,15,4,2,7,1e 25 1e 73
176,3,16,1,11,14,fa ba 05 e3
177,3,16,2,4,1,22 45 22 1c
178,3,16,3,11,14,c6 ba 39 e3
179,3,16,4,4,1,1e 45 1e 1c
180,4,1,2,13,8,42 d5 bd 83
181,4,1,3,2,7,96 2a 96 7c
182,4,1,4,13,8,7e d5 81 83
183,4,2,2,11,14,42 b5 bd ec
184,4,2,3,4,1,96 4a 96 13
185,4,2,4,11,14,7e b5 81 ec
186,4,3,2,2,7,42 25 bd 73
187,4,3,3,13,8,96 da 96 8c
188,4,3,4,2,7,7e 25 81 73
189,4,4,2,4,1,42 45 bd 1c
190,4,4,3,11,14,96 ba 96 e3
191,4,4,4,4,1,7e 45 81 1c
192,4,5,1,2,7,0a 2a f5 7c
193,4,5,2,13,8,d2 d5 d2 83
194,4,5,3,2,7,36 2a c9 7c
195,4,5,4,13,8,ee d5 ee 83
196,4,6,1,4,1,0a 4a f5 13
197,4,6,2,11,14,d2 b5 d2 ec
198,4,6,3,4,1,36 4a c9 13
199,4,6,4,11,14,ee b5 ee ec
200,4,7,1,13,8,0a da f5 8c
201,4,7,2,2,7,d2 25 d2 73
202,4,7,3,13,8,36 da c9 8c
203,4,7,4,2,7,ee 25 ee 73
204,4,8,1,11,14,0a ba f5 e3
205,4,8,2,4,1,d2 45 d2 1c
206,4,8,3,11,14,36 ba c9 e3
207,4,8,4,4,1,ee 45 ee 1c
208,4,9,1,2,7,5a 2a 5a 7c
209,4,9,2,13,8,b2 d5 4d 83
210,4,9,3,2,7,66 2a 66 7c
211,4,9,4,13,8,8e d5 71 83
212,4,10,1,4,1,5a 4a 5a 13
213,4,10,2,11,14,b2 b5 4d ec
214,4,10,3,4,1,66 4a 66 13
215,4,10,4,11,14,8e b5 71 ec
216,4,11,1,13,8,5a da 5a 8c
217,4,11,2,2,7,b2 25 4d 73
218,4,11,3,13,8,66 da 66 8c
219,4,11,4,2,7,8e 25 71 73
220,4,12,1,11,14,5a ba 5a e3
221,4,12,2,4,1,b2 45 4d 1c
222,4,12,3,11,14,66 ba 66 e3
223,4,12,4,4,1,8e 45 71 1c
224,4,13,1,2,7,fa 2a 05 7c
225,4,13,2,13,8,22 d5 22 83
226,4,13,3,2,7,c6 2a 39 7c
227,4,13,4,13,8,1e d5 1e 83
228,4,14,1,4,1,fa 4a 05 13
229,4,14,2,11,14,22 b5 22 ec
230,4,14,3,4,1,c6 4a 39 13
231,4,14,4,11,14,1e b5 1e ec
232,4,15,1,13,8,fa da 05 8c
233,4,15,2,2,7,22 25 22 73
234,4,15,3,13,8,c6 da 39 8c
235,4,15,4,2,7,1e 25 1e 73
236,4,16,1,11,14,fa ba 05 e3
237,4,16,2,4,1,22 45 22 1c
238,4,16,3,11,14,c6 ba 39 e3
239,4,16,4,4,1,1e 45 1e 1c
240,5,1,2,13,8,42 d5 bd 83
241,5,1,3,2,7,96 2a 96 7c
242,5,1,4,13,8,7e d5 81 83
243,5,2,2,11,14,42 b5 bd ec
244,5,2,3,4,1,96 4a 96 13
245,5,2,4,11,14,7e b5 81 ec
246,5,3,2,2,7,42 25 bd 73
247,5,3,3,13,8,96 da 96 8c
248,5,3,4,2,7,7e 25 81 73
249,5,4,2,4,1,42 45 bd 1c
250,5,4,3,11,14,96 ba 96 e3
251,5,4,4,4,1,7e 45 81 1c
252,5,5,1,2,7,0a 2a f5 7c
253,5,5,2,13,8,d2 d5 d2 83
254,5,5,3,2,7,36 2a c9 7c
255,5,5,4,13,8,ee d5 ee 83
256,5,6,1,4,1,0a 4a f5 13
257,5,6,2,11,14,d2 b5 d2 ec
258,5,6,3,4,1,36 4a c9 13
259,5,6,4,11,14,ee b5 ee ec
260,5,7,1,13,8,0a da f5 8c
261,5,7,2,2,7,d2 25 d2 73
262,5,7,3,13,8,36 da c9 8c
263,5,7,4,2,7,ee 25 ee 73
264,5,8,1,11,14,0a ba f5 e3
265,5,8,2,4,1,d2 45 d2 1c
266,5,8,3,11,14,36 ba c9 e3
267,5,8,4,4,1,ee 45 ee 1c
268,5,9,1,2,7,5a 2a 5a 7c
269,5,9,2,13,8,b2 d5 4d 83
270,5,9,3,2,7,66 2a 66 7c
271,5,9,4,13,8,8e d5 71 83
272,5,10,1,4,1,5a 4a 5a 13
273,5,10,2,11,14,b2 b5 4d ec
274,5,10,3,4,1,66 4a 66 13
275,5,10,4,11,14,8e b5 71 ec
276,5,11,1,13,8,5a da 5a 8c
277,5,11,2,2,7,b2 25 4d 73
278,5,11,3,13,8,66 da 66 8c
279,5,11,4,2,7,8e 25 71 73
280,5,12,1,11,14,5a ba 5a e3
281,5,12,2,4,1,b2 45 4d 1c
282,5,12,3,11,14,66 ba 66 e3
283,5,12,4,4,1,8e 45 71 1c
284,5,13,1,2,7,fa 2a 05 7c
285,5,13,2,13,8,22 d5 22 83
286,5,13,3,2,7,c6 2a 39 7c
287,5,13,4,13,8,1e d5 1e 83
288,5,14,1,4,1,fa 4a 05 13
289,5,14,2,11,14,22 b5 22 ec
290,5,14,3,4,1,c6 4a 39 13
291,5,14,4,11,14,1e b5 1e ec
292,5,15,1,13,8,fa da 05 8c
293,5,15,2,2,7,22 25 22 73
294,5,15,3,13,8,c6 da 39 8c
295,5,15,4,2,7,1e 25 1e 73
296,5,16,1,11,14,fa ba 05 e3
297,5,16,2,4,1,22 45 22 1c
298,5,16,3,11,14,c6 ba 39 e3
299,5,16,4,4,1,1e 45 1e 1c
300,6,1,2,13,8,42 d5 bd 83
301,6,1,3,2,7,96 2a 96 7c
302,6,1,4,13,8,7e d5 81 83
303,6,2,2,11,14,42 b5 bd ec
304,6,2,3,4,1,96 4a 96 13
305,6,2,4,11,14,7e b5 81 ec
306,6,3,2,2,7,42 25 bd 73
307,6,3,3,13,8,96 da 96 8c
308,6,3,4,2,7,7e 25 81 73
309,6,4,2,4,1,42 45 bd 1c
310,6,4,3,11,14,96 ba 96 e3
311,6,4,4,4,1,7e 45 81 1c
312,6,5,1,2,7,0a 2a f5 7c
313,6,5,2,13,8,d2 d5 d2 83
314,6,5,3,2,7,36 2a c9 7c
315,6,5,4,13,8,ee d5 ee 83
316,6,6,1,4,1,0a 4a f5 13
317,6,6,2,11,14,d2 b5 d2 ec
318,6,6,3,4,1,36 4a c9 13
319,6,6,4,11,14,ee b5 ee ec
320,6,7,1,13,8,0a da f5 8c
321,6,7,2,2,7,d2 25 d2 73
322,6,7,3,13,8,36 da c9 8c
323,6,7,4,2,7,ee 25 ee 73
324,6,8,1,11,14,0a ba f5 e3
325,6,8,2,4,1,d2 45 d2 1c
326,6,8,3,11,14,36 ba c9 e3
327,6,8,4,4,1,ee 45 ee 1c
328,6,9,1,2,7,5a 2a 5a 7c
329,6,9,2,13,8,b2 d5 4d 83
330,6,9,3,2,7,66 2a 66 7c
331,6,9,4,13,8,8e d5 71 83
332,6,10,1,4,1,5a 4a 5a 13
333,6,10,2,11,14,b2 b5 4d ec
334,6,10,3,4,1,66 4a 66 13
335,6,10,4,11,14,8e b5 71 ec
336,6,11,1,13,8,5a da 5a 8c
337,6,11,2,2,7,b2 25 4d 73
338,6,11,3,13,8,66 da 66 8c
339,6,11,4,2,7,8e 25 71 73
340,6,12,1,11,14,5a ba 5a e3
341,6,12,2,4,1,b2 45 4d 1c
342,6,12,3,11,14,66 ba 66 e3
343,6,12,4,4,1,8e 45 71 1c
344,6,13,1,2,7,fa 2a 05 7c
345,6,13,2,13,8,22 d5 22 83
346,6,13,3,2,7,c6 2a 39 7c
347,6,13,4,13,8,1e d5 1e 83
348,6,14,1,4,1,fa 4a 05 13
349,6,14,2,11,14,22 b5 22 ec
350,6,14,3,4,1,c6 4a 39 13
351,6,14,4,11,14,1e b5 1e ec
352,6,15,1,13,8,fa da 05 8c
353,6,15,2,2,7,22 25 22 73
354,6,15,3,13,8,c6 da 39 8c
355,6,15,4,2,7,1e 25 1e 73
356,6,16,1,11,14,fa ba 05 e3
357,6,16,2,4,1,22 45 22 1c
358,6,16,3,11,14,c6 ba 39 e3
359,6,16,4,4,1,1e 45 1e 1c
360,7,1,2,13,8,42 d5 bd 83
361,7,1,3,2,7,96 2a 96 7c
362,7,1,4,13,8,7e d5 81 83
363,7,2,2,11,14,42 b5 bd ec
364,7,2,3,4,1,96 4a 96 13
365,7,2,4,11,14,7e b5 81 ec
366,7,3,2,2,7,42 25 bd 73
367,7,3,3,13,8,96 da 96 8c
368,7,3,4,2,7,7e 25 81 73
369,7,4,2,4,1,42 45 bd 1c
370,7,4,3,11,14,96 ba 96 e3
371,7,4,4,4,1,7e 45 81 1c
372,7,5,1,2,7,0a 2a f5 7c
373,7,5,2,13,8,d2 d5 d2 83
374,7,5,3,2,7,36 2a c9 7c
375,7,5,4,13,8,ee d5 ee 83
376,7,6,1,4,1,0a 4a f5 13
377,7,6,2,11,14,d2 b5 d2 ec
378,7,6,3,4,1,36 4a c9 13
379,7,6,4,11,14,ee b5 ee ec
380,7,7,1,13,8,0a da f5 8c
381,7,7,2,2,7,d2 25 d2 73
382,7,7,3,13,8,36 da c9 8c
383,7,7,4,2,7,ee 25 ee 73
384,7,8,1,11,14,0a ba f5 e3
385,7,8,2,4,1,d2 45 d2 1c
386,7,8,3,11,14,36 ba c9 e3
387,7,8,4,4,1,ee 45 ee 1c
388,7,9,1,2,7,5a 2a 5a 7c
389,7,9,2,13,8,b2 d5 4d 83
390,7,9,3,2,7,66 2a 66 7c
391,7,9,4,13,8,8e d5 71 83
392,7,10,1,4,1,5a 4a 5a 13
393,7,10,2,11,14,b2 b5 4d ec
394,7,10,3,4,1,66 4a 66 13
395,7,10,4,11,14,8e b5 71 ec
396,7,11,1,13,8,5a da 5a 8c
397,7,11,2,2,7,b2 25 4d 73
398,7,11,3,13,8,66 da 66 8c
399,7,11,4,2,7,8e 25 71 73
400,7,12,1,11,14,5a ba 5a e3
401,7,12,2,4,1,b2 45 4d 1c
402,7,12,3,11,14,66 ba 66 e3
403,7,12,4,4,1,8e 45 71 1c
404,7,13,1,2,7,fa 2a 05 7c
405,7,13,2,13,8,22 d5 22 83
406,7,13,3,2,7,c6 2a 39 7c
407,7,13,4,13,8,1e d5 1e 83
408,7,14,1,4,1,fa 4a 05 13
409,7,14,2,11,14,22 b5 22 ec
410,7,14,3,4,1,c6 4a 39 13
411,7,14,4,11,14,1e b5 1e ec
412,7,15,1,13,8,fa da 05 8c
413,7,15,2,2,7,22 25 22 73
414,7,15,3,13,8,c6 da 39 8c
415,7,15,4,2,7,1e 25 1e 73
416,7,16,1,11,14,fa ba 05 e3
417,7,16,2,4,1,22 45 22 1c
418,7,16,3,11,14,c6 ba 39 e3
419,7,16,4,4,1,1e 45 1e 1c
420,8,1,2,13,8,42 d5 bd 83
421,8,1,3,2,7,96 2a 96 7c
422,8,1,4,13,8,7e d5 81 83
423,8,2,2,11,14,42 b5 bd ec
424,8,2,3,4,1,96 4a 96 13
425,8,2,4,11,14,7e b5 81 ec
426,8,3,2,2,7,42 25 bd 73
427,8,3,3,13,8,96 da 96 8c
428,8,3,4,2,7,7e 25 81 73
429,8,4,2,4,1,42 45 bd 1c
430,8,4,3,11,14,96 ba 96 e3
431,8,4,4,4,1,7e 45 81 1c
432,8,5,1,2,7,0a 2a f5 7c
433,8,5,2,13,8,d2 d5 d2 83
434,8,5,3,2,7,36 2a c9 7c
435,8,5,4,13,8,ee d5 ee 83
436,8,6,1,4,1,0a 4a f5 13
437,8,6,2,11,14,d2 b5 d2 ec
438,8,6,3,4,1,36 4a c9 13
439,8,6,4,11,14,ee b5 ee ec
440,8,7,1,13,8,0a da f5 8c
441,8,7,2,2,7,d2 25 d2 73
442,8,7,3,13,8,36 da c9 8c
443,8,7,4,2,7,ee 25 ee 73
444,8,8,1,11,14,0a ba f5 e3
445,8,8,2,4,1,d2 45 d2 1c
446,8,8,3,11,14,36 ba c9 e3
447,8,8,4,4,1,ee 45 ee 1c
448,8,9,1,2,7,5a 2a 5a 7c
449,8,9,2,13,8,b2 d5 4d 83
450,8,9,3,2,7,66 2a 66 7c
451,8,9,4,13,8,8e d5 71 83
452,8,10,1,4,1,5a 4a 5a 13
453,8,10,2,11,14,b2 b5 4d ec
454,8,10,3,4,1,66 4a 66 13
455,8,10,4,11,14,8e b5 71 ec
456,8,11,1,13,8,5a da 5a 8c
457,8,11,2,2,7,b2 25 4d 73
458,8,11,3,13,8,66 da 66 8c
459,8,11,4,2,7,8e 25 71 73
460,8,12,1,11,14,5a ba 5a e3
461,8,12,2,4,1,b2 45 4d 1c
462,8,12,3,11,14,66 ba 66 e3
463,8,12,4,4,1,8e 45 71 1c
464,8,13,1,2,7,fa 2a 05 7c
465,8,13,2,13,8,22 d5 22 83
466,8,13,3,2,7,c6 2a 39 7c
467,8,13,4,13,8,1e d5 1e 83
468,8,14,1,4,1,fa 4a 05 13
469,8,14,2,11,14,22 b5 22 ec
470,8,14,3,4,1,c6 4a 39 13
471,8,14,4,11,14,1e b5 1e ec
472,8,15,1,13,8,fa da 05 8c
473,8,15,2,2,7,22 25 22 73
474,8,15,3,13,8,c6 da 39 8c
475,8,15,4,2,7,1e 25 1e 73
476,8,16,1,11,14,fa ba 05 e3
477,8,16,2,4,1,22 45 22 1c
478,8,16,3,11,14,c6 ba 39 e3
479,8,16,4,4,1,1e 45 1e 1c
480,9,1,2,13,8,42 d5 bd 83
481,9,1,3,2,7,96 2a 96 7c
482,9,1,4,13,8,7e d5 81 83
483,9,2,2,11,14,42 b5 bd ec
484,9,2,3,4,1,96 4a 96 13
485,9,2,4,11,14,7e b5 81 ec
486,9,3,2,2,7,42 25 bd 73
487,9,3,3,13,8,96 da 96 8c
488,9,3,4,2,7,7e 25 81 73
489,9,4,2,4,1,42 45 bd 1c
490,9,4,3,11,14,96 ba 96 e3
491,9,4,4,4,1,7e 45 81 1c
492,9,5,1,2,7,0a 2a f5 7c
493,9,5,2,13,8,d2 d5 d2 83
494,9,5,3,2,7,36 2a c9 7c
495,9,5,4,13,8,ee d5 ee 83
496,9,6,1,4,1,0a 4a f5 13
497,9,6,2,11,14,d2 b5 d2 ec
498,9,6,3,4,1,36 4a c9 13
499,9,6,4,11,14,ee b5 ee ec
500,9,7,1,13,8,0a da f5 8c
501,9,7,2,2,7,d2 25 d2 73
502,9,7,3,13,8,36 da c9 8c
503,9,7,4,2,7,ee 25 ee 73
504,9,8,1,11,14,0a ba f5 e3
505,9,8,2,4,1,d2 45 d2 1c
506,9,8,3,11,14,36 ba c9 e3
507,9,8,4,4,1,ee 45 ee 1c
508,9,9,1,2,7,5a 2a 5a 7c
509,9,9,2,13,8,b2 d5 4d 83
510,9,9,3,2,7,66 2a 66 7c
511,9,9,4,13,8,8e d5 71 83
512,9,10,1,4,1,5a 4a 5a 13
513,9,10,2,11,14,b2 b5 4d ec
514,9,10,3,4,1,66 4a 66 13
515,9,10,4,11,14,8e b5 71 ec
516,9,11,1,13,8,5a da 5a 8c
517,9,11,2,2,7,b2 25 4d 73
518,9,11,3,13,8,66 da 66 8c
519,9,11,4,2,7,8e 25 71 73
520,9,12,1,11,14,5a ba 5a e3
521,9,12,2,4,1,b2 45 4d 1c
522,9,12,3,11,14,66 ba 66 e3
523,9,12,4,4,1,8e 45 71 1c
524,9,13,1,2,7,fa 2a 05 7c
525,9,13,2,13,8,22 d5 22 83
526,9,13,3,2,7,c6 2a 39 7c
527,9,13,4,13,8,1e d5 1e 83
528,9,14,1,4,1,fa 4a 05 13
529,9,14,2,11,14,22 b5 22 ec
530,9,14,3,4,1,c6 4a 39 13
531,9,14,4,11,14,1e b5 1e ec
532,9,15,1,13,8,fa da 05 8c
533,9,15,2,2,7,22 25 22 73
534,9,15,3,13,8,c6 da 39 8c
535,9,15,4,2,7,1e 25 1e 73
536,9,16,1,11,14,fa ba 05 e3
537,9,16,2,4,1,22 45 22 1c
538,9,16,3,11,14,c6 ba 39 e3
539,9,16,4,4,1,1e 45 1e 1c
540,10,1,2,13,8,42 d5 bd 83
541,10,1,3,2,7,96 2a 96 7c
542,10,1,4,13,8,7e d5 81 83
543,10,2,2,11,14,42 b5 bd ec
544,10,2,3,4,1,96 4a 96 13
545,10,2,4,11,14,7e b5 81 ec
546,10,3,2,2,7,42 25 bd 73
547,10,3,3,13,8,96 da 96 8c
548,10,3,4,2,7,7e 25 81 73
549,10,4,2,4,1,42 45 bd 1c
550,10,4,3,11,14,96 ba 96 e3
551,10,4,4,4,1,7e 45 81 1c
552,10,5,1,2,7,0a 2a f5 7c
553,10,5,2,13,8,d2 d5 d2 83
554,10,5,3,2,7,36 2a c9 7c
555,10,5,4,13,8,ee d5 ee 83
556,10,6,1,4,1,0a 4a f5 13
557,10,6,2,11,14,d2 b5 d2 ec
558,10,6,3,4,1,36 4a c9 13
559,10,6,4,11,14,ee b5 ee ec
560,10,7,1,13,8,0a da f5 8c
561,10,7,2,2,7,d2 25 d2 73
562,10,7,3,13,8,36 da c9 8c
563,10,7,4,2,7,ee 25 ee 73
564,10,8,1,11,14,0a ba f5 e3
565,10,8,2,4,1,d2 45 d2 1c
566,10,8,3,11,14,36 ba c9 e3
567,10,8,4,4,1,ee 45 ee 1c
568,10,9,1,2,7,5a 2a 5a 7c
569,10,9,2,13,8,b2 d5 4d 83
570,10,9,3,2,7,66 2a 66 7c
571,10,9,4,13,8,8e d5 71 83
572,10,10,1,4,1,5a 4a 5a 13
573,10,10,2,11,14,b2 b5 4d ec
574,10,10,3,4,1,66 4a 66 13
575,10,10,4,11,14,8e b5 71 ec
576,10,11,1,13,8,5a da 5a 8c
577,10,11,2,2,7,b2 25 4d 73
578,10,11,3,13,8,66 da 66 8c
579,10,11,4,2,7,8e 25 71 73
580,10,12,1,11,14,5a ba 5a e3
581,10,12,2,4,1,b2 45 4d 1c
582,10,12,3,11,14,66 ba 66 e3
583,10,12,4,4,1,8e 45 71 1c
584,10,13,1,2,7,fa 2a 05 7c
585,10,13,2,13,8,22 d5 22 83
586,10,13,3,2,7,c6 2a 39 7c
587,10,13,4,13,8,1e d5 1e 83
588,10,14,1,4,1,fa 4a 05 13
589,10,14,2,11,14,22 b5 22 ec
590,10,14,3,4,1,c6 4a 39 13
591,10,14,4,11,14,1e b5 1e ec
592,10,15,1,13,8,fa da 05 8c
593,10,15,2,2,7,22 25 22 73
594,10,15,3,13,8,c6 da 39 8c
595,10,15,4,2,7,1e 25 1e 73
596,10,16,1,11,14,fa ba 05 e3
597,10,16,2,4,1,22 45 22 1c
598,10,16,3,11,14,c6 ba 39 e3
599,10,16,4,4,1,1e 45 1e 1c
600,11,1,2,13,8,42 d5 bd 83
601,11,1,3,2,7,96 2a 96 7c
602,11,1,4,13,8,7e d5 81 83
603,11,2,2,11,14,42 b5 bd ec
604,11,2,3,4,1,96 4a 96 13
605,11,2,4,11,14,7e b5 81 ec
606,11,3,2,2,7,42 25 bd 73
607,11,3,3,13,8,96 da 96 8c
608,11,3,4,2,7,7e 25 81 73
609,11,4,2,4,1,42 45 bd 1c
610,11,4,3,11,14,96 ba 96 e3
611,11,4,4,4,1,7e 45 81 1c
612,11,5,1,2,7,0a 2a f5 7c
613,11,5,2,13,8,d2 d5 d2 83
614,11,5,3,2,7,36 2a c9 7c
615,11,5,4,13,8,ee d5 ee 83
616,11,6,1,4,1,0a 4a f5 13
617,11,6,2,11,14,d2 b5 d2 ec
618,11,6,3,4,1,36 4a c9 13
619,11,6,4,11,14,ee b5 ee ec
620,11,7,1,13,8,0a da f5 8c
621,11,7,2,2,7,d2 25 d2 73
622,11,7,3,13,8,36 da c9 8c
623,11,7,4,2,7,ee 25 ee 73
624,11,8,1,11,14,0a ba f5 e3
625,11,8,2,4,1,d2 45 d2 1c
626,11,8,3,11,14,36 ba c9 e3
627,11,8,4,4,1,ee 45 ee 1c
628,11,9,1,2,7,5a 2a 5a 7c
629,11,9,2,13,8,b2 d5 4d 83
630,11,9,3,2,7,66 2a 66 7c
631,11,9,4,13,8,8e d5 71 83
632,11,10,1,4,1,5a 4a 5a 13
633,11,10,2,11,14,b2 b5 4d ec
634,11,10,3,4,1,66 4a 66 13
635,11,10,4,11,14,8e b5 71 ec
636,11,11,1,13,8,5a da 5a 8c
637,11,11,2,2,7,b2 25 4d 73
638,11,11,3,13,8,66 da 66 8c
639,11,11,4,2,7,8e 25 71 73
640,11,12,1,11,14,5a ba 5a e3
641,11,12,2,4,1,b2 45 4d 1c
642,11,12,3,11,14,66 ba 66 e3
643,11,12,4,4,1,8e 45 71 1c
644,11,13,1,2,7,fa 2a 05 7c
645,11,13,2,13,8,22 d5 22 83
646,11,13,3,2,7,c6 2a 39 7c
647,11,13,4,13,8,1e d5 1e 83
648,11,14,1,4,1,fa 4a 05 13
649,11,14,2,11,14,22 b5 22 ec
650,11,14,3,4,1,c6 4a 39 13
651,11,14,4,11,14,1e b5 1e ec
652,11,15,1,13,8,fa da 05 8c
653,11,15,2,2,7,22 25 22 73
654,11,15,3,13,8,c6 da 39 8c
655,11,15,4,2,7,1e 25 1e 73
656,11,16,1,11,14,fa ba 05 e3
657,11,16,2,4,1,22 45 22 1c
658,11,16,3,11,14,c6 ba 39 e3
659,11,16,4,4,1,1e 45 1e 1c
660,12,1,2,13,8,42 d5 bd 83
661,12,1,3,2,7,96 2a 96 7c
662,12,1,4,13,8,7e d5 81 83
663,12,2,2,11,14,42 b5 bd ec
664,12,2,3,4,1,96 4a 96 13
665,12,2,4,11,14,7e b5 81 ec
666,12,3,2,2,7,42 25 bd 73
667,12,3,3,13,8,96 da 96 8c
668,12,3,4,2,7,7e 25 81 73
669,12,4,2,4,1,42 45 bd 1c
670,12,4,3,11,14,96 ba 96 e3
671,12,4,4,4,1,7e 45 81 1c
672,12,5,1,2,7,0a 2a f5 7c
673,12,5,2,13,8,d2 d5 d2 83
674,12,5,3,2,7,36 2a c9 7c
675,12,5,4,13,8,ee d5 ee 83
676,12,6,1,4,1,0a 4a f5 13
677,12,6,2,11,14,d2 b5 d2 ec
678,12,6,3,4,1,36 4a c9 13
679,12,6,4,11,14,ee b5 ee ec
680,12,7,1,13,8,0a da f5 8c
681,12,7,2,2,7,d2 25 d2 73
682,12,7,3,13,8,36 da c9 8c
683,12,7,4,2,7,ee 25 ee 73
684,12,8,1,11,14,0a ba f5 e3
685,12,8,2,4,1,d2 45 d2 1c
686,12,8,3,11,14,36 ba c9 e3
687,12,8,4,4,1,ee 45 ee 1c
688,12,9,1,2,7,5a 2a 5a 7c
689,12,9,2,13,8,b2 d5 4d 83
690,12,9,3,2,7,66 2a 66 7c
691,12,9,4,13,8,8e d5 71 83
692,12,10,1,4,1,5a 4a 5a 13
693,12,10,2,11,14,b2 b5 4d ec
694,12,10,3,4,1,66 4a 66 13
695,12,10,4,11,14,8e b5 71 ec
696,12,11,1,13,8,5a da 5a 8c
697,12,11,2,2,7,b2 25 4d 73
698,12,11,3,13,8,66 da 66 8c
699,12,11,4,2,7,8e 25 71 73
700,12,12,1,11,14,5a ba 5a e3
701,12,12,2,4,1,b2 45 4d 1c
702,12,12,3,11,14,66 ba 66 e3
703,12,12,4,4,1,8e 45 71 1c
704,12,13,1,2,7,fa 2a 05 7c
705,12,13,2,13,8,22 d5 22 83
706,12,13,3,2,7,c6 2a 39 7c
707,12,13,4,13,8,1e d5 1e 83
708,12,14,1,4,1,fa 4a 05 13
709,12,14,2,11,14,22 b5 22 ec
710,12,14,3,4,1,c6 4a 39 13
711,12,14,4,11,14,1e b5 1e ec
712,12,15,1,13,8,fa da 05 8c
713,12,15,2,2,7,22 25 22 73
714,12,15,3,13,8,c6 da 39 8c
715,12,15,4,2,7,1e 25 1e 73
716,12,16,1,11,14,fa ba 05 e3
717,12,16,2,4,1,22 45 22 1c
718,12,16,3,11,14,c6 ba 39 e3
719,12,16,4,4,1,1e 45 1e 1c
720,13,1,2,13,8,42 d5 bd 83
721,13,1,3,2,7,96 2a 96 7c
722,13,1,4,13,8,7e d5 81 83
723,13,2,2,11,14,42 b5 bd ec
724,13,2,3,4,1,96 4a 96 13
725,13,2,4,11,14,7e b5 81 ec
726,13,3,2,2,7,42 25 bd 73
727,13,3,3,13,8,96 da 96 8c
728,13,3,4,2,7,7e 25 81 73
729,13,4,2,4,1,42 45 bd 1c
730,13,4,3,11,14,96 ba 96 e3
731,13,4,4,4,1,7e 45 81 1c
732,13,5,1,2,7,0a 2a f5 7c
733,13,5,2,13,8,d2 d5 d2 83
734,13,5,3,2,7,36 2a c9 7c
735,13,5,4,13,8,ee d5 ee 83
736,13,6,1,4,1,0a 4a f5 13
737,13,6,2,11,14,d2 b5 d2 ec
738,13,6,3,4,1,36 4a c9 13
739,13,6,4,11,14,ee b5 ee ec
740,13,7,1,13,8,0a da f5 8c
741,13,7,2,2,7,d2 25 d2 73
742,13,7,3,13,8,36 da c9 8c
743,13,7,4,2,7,ee 25 ee 73
744,13,8,1,11,14,0a ba f5 e3
745,13,8,2,4,1,d2 45 d2 1c
746,13,8,3,11,14,36 ba c9 e3
747,13,8,4,4,1,ee 45 ee 1c
748,13,9,1,2,7,5a 2a 5a 7c
749,13,9,2,13,8,b2 d5 4d 83
750,13,9,3,2,7,66 2a 66 7c
751,13,9,4,13,8,8e d5 71 83
752,13,10,1,4,1,5a 4a 5a 13
753,13,10,2,11,14,b2 b5 4d ec
754,13,10,3,4,1,66 4a 66 13
755,13,10,4,11,14,8e b5 71 ec
756,13,11,1,13,8,5a da 5a 8c
757,13,11,2,2,7,b2 25 4d 73
758,13,11,3,13,8,66 da 66 8c
759,13,11,4,2,7,8e 25 71 73
760,13,12,1,11,14,5a ba 5a e3
761,13,12,2,4,1,b2 45 4d 1c
762,13,12,3,11,14,66 ba 66 e3
763,13,12,4,4,1,8e 45 71 1c
764,13,13,1,2,7,fa 2a 05 7c
765,13,13,2,13,8,22 d5 22 83
766,13,13,3,2,7,c6 2a 39 7c
767,13,13,4,13,8,1e d5 1e 83
768,13,14,1,4,1,fa 4a 05 13
769,13,14,2,11,14,22 b5 22 ec
770,13,14,3,4,1,c6 4a 39 13
771,13,14,4,11,14,1e b5 1e ec
772,13,15,1,13,8,fa da 05 8c
773,13,15,2,2,7,22 25 22 73
774,13,15,3,13,8,c6 da 39 8c
775,13,15,4,2,7,1e 25 1e 73
776,13,16,1,11,14,fa ba 05 e3
777,13,16,2,4,1,22 45 22 1c
778,13,16,3,11,14,c6 ba 39 e3
779,13,16,4,4,1,1e 45 1e 1c
780,14,1,2,13,8,42 d5 bd 83
781,14,1,3,2,7,96 2a 96 7c
782,14,1,4,13,8,7e d5 81 83
783,14,2,2,11,14,42 b5 bd ec
784,14,2,3,4,1,96 4a 96 13
785,14,2,4,11,14,7e b5 81 ec
786,14,3,2,2,7,42 25 bd 73
787,14,3,3,13,8,96 da 96 8c
788,14,3,4,2,7,7e 25 81 73
789,14,4,2,4,1,42 45 bd 1c
790,14,4,3,11,14,96 ba 96 e3
791,14,4,4,4,1,7e 45 81 1c
792,14,5,1,2,7,0a 2a f5 7c
793,14,5,2,13,8,d2 d5 d2 83
794,14,5,3,2,7,36 2a c9 7c
795,14,5,4,13,8,ee d5 ee 83
796,14,6,1,4,1,0a 4a f5 13
797,14,6,2,11,14,d2 b5 d2 ec
798,14,6,3,4,1,36 4a c9 13
799,14,6,4,11,14,ee b5 ee ec
800,14,7,1,13,8,0a da f5 8c
801,14,7,2,2,7,d2 25 d2 73
802,14,7,3,13,8,36 da c9 8c
803,14,7,4,2,7,ee 25 ee 73
804,14,8,1,11,14,0a ba f5 e3
805,14,8,2,4,1,d2 45 d2 1c
806,14,8,3,11,14,36 ba c9 e3
807,14,8,4,4,1,ee 45 ee 1c
808,14,9,1,2,7,5a 2a 5a 7c
809,14,9,2,13,8,b2 d5 4d 83
810,14,9,3,2,7,66 2a 66 7c
811,14,9,4,13,8,8e d5 71 83
812,14,10,1,4,1,5a 4a 5a 13
813,14,10,2,11,14,b2 b5 4d ec
814,14,10,3,4,1,66 4a 66 13
815,14,10,4,11,14,8e b5 71 ec
816,14,11,1,13,8,5a da 5a 8c
817,14,11,2,2,7,b2 25 4d 73
818,14,11,3,13,8,66 da 66 8c
819,14,11,4,2,7,8e 25 71 73
820,14,12,1,11,14,5a ba 5a e3
821,14,12,2,4,1,b2 45 4d 1c
822,14,12,3,11,14,66 ba 66 e3
823,14,12,4,4,1,8e 45 71 1c
824,14,13,1,2,7,fa 2a 05 7c
825,14,13,2,13,8,22 d5 22 83
826,14,13,3,2,7,c6 2a 39 7c
827,14,13,4,13,8,1e d5 1e 83
828,14,14,1,4,1,fa 4a 05 13
829,14,14,2,11,14,22 b5 22 ec
830,14,14,3,4,1,c6 4a 39 13
831,14,14,4,11,14,1e b5 1e ec
832,14,15,1,13,8,fa da 05 8c
833,14,15,2,2,7,22 25 22 73
834,14,15,3,13,8,c6 da 39 8c
835,14,15,4,2,7,1e 25 1e 73
836,14,16,1,11,14,fa ba 05 e3
837,14,16,2,4,1,22 45 22 1c
838,14,16,3,11,14,c6 ba 39 e3
839,14,16,4,4,1,1e 45 1e 1c
840,15,1,2,13,8,42 d5 bd 83
841,15,1,3,2,7,96 2a 96 7c
842,15,1,4,13,8,7e d5 81 83
843,15,2,2,11,14,42 b5 bd ec
844,15,2,3,4,1,96 4a 96 13
845,15,2,4,11,14,7e b5 81 ec
846,15,3,2,2,7,42 25 bd 73
847,15,3,3,13,8,96 da 96 8c
848,15,3,4,2,7,7e 25 81 73
849,15,4,2,4,1,42 45 bd 1c
850,15,4,3,11,14,96 ba 96 e3
851,15,4,4,4,1,7e 45 81 1c
852,15,5,1,2,7,0a 2a f5 7c
853,15,5,2,13,8,d2 d5 d2 83
854,15,5,3,2,7,36 2a c9 7c
855,15,5,4,13,8,ee d5 ee 83
856,15,6,1,4,1,0a 4a f5 13
857,15,6,2,11,14,d2 b5 d2 ec
858,15,6,3,4,1,36 4a c9 13
859,15,6,4,11,14,ee b5 ee ec
860,15,7,1,13,8,0a da f5 8c
861,15,7,2,2,7,d2 25 d2 73
862,15,7,3,13,8,36 da c9 8c
863,15,7,4,2,7,ee 25 ee 73
864,15,8,1,11,14,0a ba f5 e3
865,15,8,2,4,1,d2 45 d2 1c
866,15,8,3,11,14,36 ba c9 e3
867,15,8,4,4,1,ee 45 ee 1c
868,15,9,1,2,7,5a 2a 5a 7c
869,15,9,2,13,8,b2 d5 4d 83
870,15,9,3,2,7,66 2a 66 7c
871,15,9,4,13,8,8e d5 71 83
872,15,10,1,4,1,5a 4a 5a 13
873,15,10,2,11,14,b2 b5 4d ec
874,15,10,3,4,1,66 4a 66 13
875,15,10,4,11,14,8e b5 71 ec
876,15,11,1,13,8,5a da 5a 8c
877,15,11,2,2,7,b2 25 4d 73
878,15,11,3,13,8,66 da 66 8c
879,15,11,4,2,7,8e 25 71 73
880,15,12,1,11,14,5a ba 5a e3
881,15,12,2,4,1,b2 45 4d 1c
882,15,12,3,11,14,66 ba 66 e3
883,15,12,4,4,1,8e 45 71 1c
884,15,13,1,2,7,fa 2a 05 7c
885,15,13,2,13,8,22 d5 22 83
886,15,13,3,2,7,c6 2a 39 7c
887,15,13,4,13,8,1e d5 1e 83
888,15,14,1,4,1,fa 4a 05 13
889,15,14,2,11,14,22 b5 22 ec
890,15,14,3,4,1,c6 4a 39 13
891,15,14,4,11,14,1e b5 1e ec
892,15,15,1,13,8,fa da 05 8c
893,15,15,2,2,7,22 25 22 73
894,15,15,3,13,8,c6 da 39 8c
895,15,15,4,2,7,1e 25 1e 73
896,15,16,1,11,14,fa ba 05 e3
897,15,16,2,4,1,22 45 22 1c
898,15,16,3,11,14,c6 ba 39 e3
899,15,16,4,4,1,1e 45 1e 1c
900,16,1,2,13,8,42 d5 bd 83
901,16,1,3,2,7,96 2a 96 7c
902,16,1,4,13,8,7e d5 81 83
903,16,2,2,11,14,42 b5 bd ec
904,16,2,3,4,1,96 4a 96 13
905,16,2,4,11,14,7e b5 81 ec
906,16,3,2,2,7,42 25 bd 73
907,16,3,3,13,8,96 da 96 8c
908,16,3,4,2,7,7e 25 81 73
909,16,4,2,4,1,42 45 bd 1c
910,16,4,3,11,14,96 ba 96 e3
911,16,4,4,4,1,7e 45 81 1c
912,16,5,1,2,7,0a 2a f5 7c
913,16,5,2,13,8,d2 d5 d2 83
914,16,5,3,2,7,36 2a c9 7c
915,16,5,4,13,8,ee d5 ee 83
916,16,6,1,4,1,0a 4a f5 13
917,16,6,2,11,14,d2 b5 d2 ec
918,16,6,3,4,1,36 4a c9 13
919,16,6,4,11,14,ee b5 ee ec
920,16,7,1,13,8,0a da f5 8c
921,16,7,2,2,7,d2 25 d2 73
922,16,7,3,13,8,36 da c9 8c
923,16,7,4,2,7,ee 25 ee 73
924,16,8,1,11,14,0a ba f5 e3
925,16,8,2,4,1,d2 45 d2 1c
926,16,8,3,11,14,36 ba c9 e3
927,16,8,4,4,1,ee 45 ee 1c
928,16,9,1,2,7,5a 2a 5a 7c
929,16,9,2,13,8,b2 d5 4d 83
930,16,9,3,2,7,66 2a 66 7c
931,16,9,4,13,8,8e d5 71 83
932,16,10,1,4,1,5a 4a 5a 13
933,16,10,2,11,14,b2 b5 4d ec
934,16,10,3,4,1,66 4a 66 13
935,16,10,4,11,14,8e b5 71 ec
936,16,11,1,13,8,5a da 5a 8c
937,16,11,2,2,7,b2 25 4d 73
938,16,11,3,13,8,66 da 66 8c
939,16,11,4,2,7,8e 25 71 73
940,16,12,1,11,14,5a ba 5a e3
941,16,12,2,4,1,b2 45 4d 1c
942,16,12,3,11,14,66 ba 66 e3
943,16,12,4,4,1,8e 45 71 1c
944,16,13,1,2,7,fa 2a 05 7c
945,16,13,2,13,8,22 d5 22 83
946,16,13,3,2,7,c6 2a 39 7c
947,16,13,4,13,8,1e d5 1e 83
948,16,14,1,4,1,fa 4a 05 13
949,16,14,2,11,14,22 b5 22 ec
950,16,14,3,4,1,c6 4a 39 13
951,16,14,4,11,14,1e b5 1e ec
952,16,15,1,13,8,fa da 05 8c
953,16,15,2,2,7,22 25 22 73
954,16,15,3,13,8,c6 da 39 8c
955,16,15,4,2,7,1e 25 1e 73
956,16,16,1,11,14,fa ba 05 e3
957,16,16,2,4,1,22 45 22 1c
958,16,16,3,11,14,c6 ba 39 e3
959,16,16,4,15,4,6e fd 82 49
